{
  "summary": {
    "total_requests": 22,
    "unique_agents": 10,
    "unique_tags": 62,
    "avg_agents_per_request": 4.136363636363637,
    "avg_tags_per_request": 4.2727272727272725
  },
  "agent_participation": {
    "Oskar": {
      "count": 16,
      "percentage": 72.72727272727273
    },
    "Lokir": {
      "count": 5,
      "percentage": 22.727272727272727
    },
    "Sera": {
      "count": 9,
      "percentage": 40.909090909090914
    },
    "Jenassa": {
      "count": 8,
      "percentage": 36.36363636363637
    },
    "Farin Alteris": {
      "count": 7,
      "percentage": 31.818181818181817
    },
    "Saffir": {
      "count": 12,
      "percentage": 54.54545454545454
    },
    "Brenuin": {
      "count": 17,
      "percentage": 77.27272727272727
    },
    "Isolda": {
      "count": 1,
      "percentage": 4.545454545454546
    },
    "Ysolda": {
      "count": 14,
      "percentage": 63.63636363636363
    },
    "Saphir": {
      "count": 2,
      "percentage": 9.090909090909092
    }
  },
  "tag_usage": {
    "BioFirm": {
      "count": 3,
      "percentage": 13.636363636363635
    },
    "collaboration": {
      "count": 5,
      "percentage": 22.727272727272727
    },
    "knowledge graph": {
      "count": 2,
      "percentage": 9.090909090909092
    },
    "research": {
      "count": 13,
      "percentage": 59.09090909090909
    },
    "test-subject": {
      "count": 1,
      "percentage": 4.545454545454546
    },
    "query-system": {
      "count": 1,
      "percentage": 4.545454545454546
    },
    "knowledge-graph": {
      "count": 1,
      "percentage": 4.545454545454546
    },
    "iterative_feedback": {
      "count": 1,
      "percentage": 4.545454545454546
    },
    "knowledge_graph": {
      "count": 1,
      "percentage": 4.545454545454546
    },
    "collaborative_network": {
      "count": 1,
      "percentage": 4.545454545454546
    },
    "research_project": {
      "count": 1,
      "percentage": 4.545454545454546
    },
    "active_inference": {
      "count": 1,
      "percentage": 4.545454545454546
    },
    "sustainable_solutions": {
      "count": 1,
      "percentage": 4.545454545454546
    },
    "Collaborative Economic Network System": {
      "count": 1,
      "percentage": 4.545454545454546
    },
    "trade systems": {
      "count": 1,
      "percentage": 4.545454545454546
    },
    "consumer behavior": {
      "count": 4,
      "percentage": 18.181818181818183
    },
    "community": {
      "count": 2,
      "percentage": 9.090909090909092
    },
    "sustainability": {
      "count": 2,
      "percentage": 9.090909090909092
    },
    "Active Inference": {
      "count": 2,
      "percentage": 9.090909090909092
    },
    "Trade Dynamics": {
      "count": 2,
      "percentage": 9.090909090909092
    },
    "Equitable Resource Distribution": {
      "count": 2,
      "percentage": 9.090909090909092
    },
    "community dynamics": {
      "count": 2,
      "percentage": 9.090909090909092
    },
    "nested Markov blankets": {
      "count": 1,
      "percentage": 4.545454545454546
    },
    "trade practices": {
      "count": 2,
      "percentage": 9.090909090909092
    },
    "empirical research": {
      "count": 1,
      "percentage": 4.545454545454546
    },
    "community feedback": {
      "count": 1,
      "percentage": 4.545454545454546
    },
    "research_on_sustainable_trade": {
      "count": 1,
      "percentage": 4.545454545454546
    },
    "community_behaviors": {
      "count": 1,
      "percentage": 4.545454545454546
    },
    "equitable_resource_distribution": {
      "count": 2,
      "percentage": 9.090909090909092
    },
    "sustainable trade practices": {
      "count": 2,
      "percentage": 9.090909090909092
    },
    "community engagement": {
      "count": 1,
      "percentage": 4.545454545454546
    },
    "sustainable_trade": {
      "count": 2,
      "percentage": 9.090909090909092
    },
    "protocol": {
      "count": 1,
      "percentage": 4.545454545454546
    },
    "communication": {
      "count": 1,
      "percentage": 4.545454545454546
    },
    "project management": {
      "count": 1,
      "percentage": 4.545454545454546
    },
    "test subject": {
      "count": 1,
      "percentage": 4.545454545454546
    },
    "intermediary program": {
      "count": 1,
      "percentage": 4.545454545454546
    },
    "querying process": {
      "count": 1,
      "percentage": 4.545454545454546
    },
    "research request": {
      "count": 1,
      "percentage": 4.545454545454546
    },
    "system design": {
      "count": 1,
      "percentage": 4.545454545454546
    },
    "project": {
      "count": 1,
      "percentage": 4.545454545454546
    },
    "resource inequities": {
      "count": 1,
      "percentage": 4.545454545454546
    },
    "economic principles": {
      "count": 1,
      "percentage": 4.545454545454546
    },
    "community needs": {
      "count": 1,
      "percentage": 4.545454545454546
    },
    "energy management system": {
      "count": 1,
      "percentage": 4.545454545454546
    },
    "Interdisciplinary Research": {
      "count": 1,
      "percentage": 4.545454545454546
    },
    "Sustainable Practices": {
      "count": 1,
      "percentage": 4.545454545454546
    },
    "Markov blanket": {
      "count": 1,
      "percentage": 4.545454545454546
    },
    "resource allocation": {
      "count": 1,
      "percentage": 4.545454545454546
    },
    "research_questions": {
      "count": 1,
      "percentage": 4.545454545454546
    },
    "sustainable_practices": {
      "count": 1,
      "percentage": 4.545454545454546
    },
    "local markets": {
      "count": 1,
      "percentage": 4.545454545454546
    },
    "seasonal trends": {
      "count": 1,
      "percentage": 4.545454545454546
    },
    "economic changes": {
      "count": 1,
      "percentage": 4.545454545454546
    },
    "community preferences": {
      "count": 1,
      "percentage": 4.545454545454546
    },
    "gathering consumer feedback": {
      "count": 1,
      "percentage": 4.545454545454546
    },
    "local economic models": {
      "count": 1,
      "percentage": 4.545454545454546
    },
    "supply and demand dynamics": {
      "count": 1,
      "percentage": 4.545454545454546
    },
    "partnerships between local suppliers and consumers": {
      "count": 1,
      "percentage": 4.545454545454546
    },
    "Active Inference principles": {
      "count": 1,
      "percentage": 4.545454545454546
    },
    "equitable_trade": {
      "count": 1,
      "percentage": 4.545454545454546
    },
    "trade_systems": {
      "count": 1,
      "percentage": 4.545454545454546
    }
  },
  "temporal_stats": {
    "2025-03-03": 22
  }
}